Name,Count
Greyson,1
Allison,1
Ethan,2
Jace,2
Isaac,1
Autumn,3
Ariel,1
Hazel,1
London,1
Eleanor,1
Nevaeh,1
Kennedy,1
Hailey,1
Willow,1
Bryson,1
Santiago,1
Eva,1
Adam,1
Hudson,1
Isabella,1
Gianna,1
Bella,2
Maxwell,1
Chloe,2
Logan,1
Luna,1
Bailey,1
Addison,2
Brayden,1
Wesley,1
Connor,1
Robert,1
Vincent,1
Anthony,1
Braxton,1
Jameson,1
Josephine,1
Kaiden,2
Abigail,1
Kimberly,2
Caleb,1
David,1
Taylor,1
Madison,1
Aaliyah,1
Brielle,3
Hannah,2
Peyton,1
Cooper,1
Morgan,1
Cameron,1
Christopher,1
Brooklyn,1
Joseph,1
Stella,1
Brody,1
Alexander,1
Arianna,1
Isabelle,1
Leonardo,1
Ivan,1
Amelia,1
Austin,1
Ava,2
Elena,1
Brianna,1
Ezra,1
Ashley,1
Jeremiah,1
Micah,2
Noah,1
Easton,1
Eli,1
Aurora,1
Aubree,1
Avery,1
Madelyn,1
Adrian,1
Samuel,1
Skylar,2
Kayden,1
Jade,1
Rylee,1
Margaret,1
Teagan,1
